{"cameraMode":{"drawMode":0,"name":"Shaded","section":"Shading Mode"},"sceneLighting":true,"audioPlay":false,"sceneViewState":{"showFog":true,"showMaterialUpdate":false,"showSkybox":false,"showFlares":true,"showImageEffects":true,"showParticleSystems":true},"in2DMode":false,"pivot":{"x":-15.826004028320313,"y":9.754688262939454,"z":-7.195951461791992},"rotation":{"x":0.03679792955517769,"y":-0.8280787467956543,"z":0.05473235622048378,"w":0.5567238330841065},"size":15.511528968811036,"orthographic":true}