{"cameraMode":{"drawMode":0,"name":"Shaded","section":"Shading Mode"},"sceneLighting":false,"audioPlay":false,"sceneViewState":{"showFog":true,"showMaterialUpdate":false,"showSkybox":false,"showFlares":true,"showImageEffects":true,"showParticleSystems":true},"in2DMode":false,"pivot":{"x":1.100000023841858,"y":0.0,"z":6.190000057220459},"rotation":{"x":0.5529541969299316,"y":0.001248523243702948,"z":-0.0008323266520164907,"w":0.833225429058075},"size":2.8578836917877199,"orthographic":true}