{"cameraMode":{"drawMode":0,"name":"Shaded","section":"Shading Mode"},"sceneLighting":true,"audioPlay":false,"sceneViewState":{"showFog":true,"showMaterialUpdate":false,"showSkybox":false,"showFlares":true,"showImageEffects":true,"showParticleSystems":true},"in2DMode":false,"pivot":{"x":-15.06813907623291,"y":11.180164337158204,"z":-3.9238710403442385},"rotation":{"x":0.2878778576850891,"y":0.6449231505393982,"z":-0.28684550523757937,"w":0.6472437381744385},"size":1.1242082118988038,"orthographic":true}