{"cameraMode":{"drawMode":0,"name":"Shaded","section":"Shading Mode"},"sceneLighting":true,"audioPlay":false,"sceneViewState":{"showFog":true,"showMaterialUpdate":false,"showSkybox":false,"showFlares":true,"showImageEffects":true,"showParticleSystems":true},"in2DMode":false,"pivot":{"x":-15.06813907623291,"y":11.180164337158204,"z":-3.9238710403442385},"rotation":{"x":0.266709566116333,"y":-0.012430310249328614,"z":0.003440284635871649,"w":0.9636910557746887},"size":1.1242082118988038,"orthographic":true}