{"cameraMode":{"drawMode":0,"name":"Shaded","section":"Shading Mode"},"sceneLighting":true,"audioPlay":false,"sceneViewState":{"showFog":true,"showMaterialUpdate":false,"showSkybox":false,"showFlares":true,"showImageEffects":true,"showParticleSystems":true},"in2DMode":false,"pivot":{"x":-15.029999732971192,"y":11.17495346069336,"z":-4.672739505767822},"rotation":{"x":0.019438959658145906,"y":-0.9753080010414124,"z":0.19810856878757478,"w":0.09568596631288529},"size":3.386885166168213,"orthographic":true}