{"cameraMode":{"drawMode":0,"name":"Shaded","section":"Shading Mode"},"sceneLighting":false,"audioPlay":false,"sceneViewState":{"showFog":true,"showMaterialUpdate":false,"showSkybox":false,"showFlares":true,"showImageEffects":true,"showParticleSystems":true},"in2DMode":false,"pivot":{"x":0.5343856811523438,"y":-0.456787109375,"z":-0.52099609375},"rotation":{"x":0.7197843790054321,"y":0.05184638500213623,"z":-0.05409722775220871,"w":0.6901710033416748},"size":3.175179958343506,"orthographic":true}