{"cameraMode":{"drawMode":0,"name":"Shaded","section":"Shading Mode"},"sceneLighting":true,"audioPlay":false,"sceneViewState":{"showFog":true,"showMaterialUpdate":false,"showSkybox":false,"showFlares":true,"showImageEffects":true,"showParticleSystems":true},"in2DMode":false,"pivot":{"x":-15.826004028320313,"y":9.772058486938477,"z":-8.121567726135254},"rotation":{"x":0.07414522022008896,"y":-0.6308372020721436,"z":0.06074710190296173,"w":0.7699722647666931},"size":15.511528015136719,"orthographic":true}